,0,1,2,3,4,5,6,7,8,9,10,11,12,13,14,15,16,17,18,19,20,21,22,23,24,25,26,27,28,29,30,31,32,33,34,35
0,0.0,0.0,0.0,0.0,0.0,0.0,0.0,0.0,0.0,0.0,0.0,0.0,0.0,0.0,0.0,0.0,0.0,0.0,0.0,0.0,0.0,0.0,0.0,0.0,0.0,0.0,0.0,0.0,0.0,0.0,0.0,0.0,0.329608938547486,0.329608938547486,0.329608938547486,0.329608938547486
1,0.0,0.0,0.0,0.0,0.0,0.0,0.0,0.0,0.08163265306122448,0.08163265306122448,0.08163265306122448,0.08163265306122448,0.0,0.0,0.0,0.0,0.0,0.0,0.0,0.0,0.0,0.0,0.0,0.0,0.0,0.0,0.0,0.0,0.0,0.0,0.0,0.0,0.3435754189944134,0.3435754189944134,0.3435754189944134,0.3435754189944134
2,0.0,0.0,0.0,0.0,0.0,0.0,0.0,0.0,0.08163265306122448,0.08163265306122448,0.08163265306122448,0.08163265306122448,0.0,0.0,0.0,0.0,0.0,0.0,0.0,0.0,0.0,0.0,0.0,0.0,0.0,0.0,0.0,0.0,0.0,0.0,0.0,0.0,0.3435754189944134,0.3435754189944134,0.3435754189944134,0.3435754189944134
3,0.0,0.0,0.0,0.0,0.0,0.0,0.0,0.0,0.08163265306122448,0.08163265306122448,0.08163265306122448,0.08163265306122448,0.0,0.0,0.0,0.0,0.0,0.0,0.0,0.0,0.0,0.0,0.0,0.0,0.0,0.0,0.0,0.0,0.0,0.0,0.0,0.0,0.3435754189944134,0.3435754189944134,0.3435754189944134,0.3435754189944134
4,0.0,0.0,0.0,0.0,0.0,0.0,0.0,0.0,0.08163265306122448,0.08163265306122448,0.08163265306122448,0.08163265306122448,0.0,0.0,0.0,0.0,0.0,0.0,0.0,0.0,0.0,0.0,0.0,0.0,0.0,0.0,0.0,0.0,0.0,0.0,0.0,0.0,0.3435754189944134,0.3435754189944134,0.3435754189944134,0.3435754189944134
5,0.0,0.0,0.0,0.0,0.0,0.0,0.0,0.0,0.08163265306122448,0.08163265306122448,0.08163265306122448,0.08163265306122448,0.0,0.0,0.0,0.0,0.0,0.0,0.0,0.0,0.0,0.0,0.0,0.0,0.0,0.0,0.0,0.0,0.0,0.0,0.0,0.0,0.34497206703910616,0.34497206703910616,0.34497206703910616,0.34497206703910616
6,0.0,0.0,0.0,0.0,0.0,0.0,0.0,0.0,0.08163265306122448,0.08163265306122448,0.08163265306122448,0.08163265306122448,0.0,0.0,0.0,0.0,0.0,0.0,0.0,0.0,0.0,0.0,0.0,0.0,0.0,0.0,0.0,0.0,0.0,0.0,0.0,0.0,0.34497206703910616,0.34497206703910616,0.34497206703910616,0.34497206703910616
7,0.0,0.0,0.0,0.0,0.0,0.0,0.0,0.0,0.08163265306122448,0.08163265306122448,0.08163265306122448,0.08163265306122448,0.0,0.0,0.0,0.0,0.0,0.0,0.0,0.0,0.0,0.0,0.0,0.0,0.0,0.0,0.0,0.0,0.0,0.0,0.0,0.0,0.3463687150837989,0.3463687150837989,0.3463687150837989,0.3463687150837989
8,0.0,0.0,0.0,0.0,0.0,0.0,0.0,0.0,0.08163265306122448,0.08163265306122448,0.08163265306122448,0.08163265306122448,0.0,0.0,0.0,0.0,0.0,0.0,0.0,0.0,0.0,0.0,0.0,0.0,0.0,0.0,0.0,0.0,0.0,0.0,0.0,0.0,0.3463687150837989,0.3463687150837989,0.3463687150837989,0.3463687150837989
9,0.0,0.0,0.0,0.0,0.0,0.0,0.0,0.0,0.08163265306122448,0.08163265306122448,0.08163265306122448,0.08163265306122448,0.007142857142857143,0.007142857142857143,0.007142857142857143,0.007142857142857143,0.0,0.0,0.0,0.0,0.0,0.0,0.0,0.0,0.0,0.0,0.0,0.0,0.0,0.0,0.0,0.0,0.3477653631284916,0.3477653631284916,0.3477653631284916,0.3477653631284916
10,0.0,0.0,0.0,0.0,0.0,0.0,0.0,0.0,0.08163265306122448,0.08163265306122448,0.08163265306122448,0.08163265306122448,0.007142857142857143,0.007142857142857143,0.007142857142857143,0.007142857142857143,0.0,0.0,0.0,0.0,0.0,0.0,0.0,0.0,0.0,0.0,0.0,0.0,0.0,0.0,0.0,0.0,0.3477653631284916,0.3477653631284916,0.3477653631284916,0.3477653631284916
11,0.0,0.0,0.0,0.0,0.0,0.0,0.0,0.0,0.08163265306122448,0.08163265306122448,0.08163265306122448,0.08163265306122448,0.007142857142857143,0.007142857142857143,0.007142857142857143,0.007142857142857143,0.0,0.0,0.0,0.0,0.0,0.0,0.0,0.0,0.0,0.0,0.0,0.0,0.0,0.0,0.0,0.0,0.3477653631284916,0.3477653631284916,0.3477653631284916,0.3477653631284916
12,0.0,0.0,0.0,0.0,0.0,0.0,0.0,0.0,0.08163265306122448,0.08163265306122448,0.08163265306122448,0.08163265306122448,0.007142857142857143,0.007142857142857143,0.007142857142857143,0.007142857142857143,0.0,0.0,0.0,0.0,0.0,0.0,0.0,0.0,0.0,0.0,0.0,0.0,0.0,0.0,0.0,0.0,0.3477653631284916,0.3477653631284916,0.3477653631284916,0.3477653631284916
13,0.0,0.0,0.0,0.0,0.0,0.0,0.0,0.0,0.08163265306122448,0.08163265306122448,0.08163265306122448,0.08163265306122448,0.007142857142857143,0.007142857142857143,0.007142857142857143,0.007142857142857143,0.0,0.0,0.0,0.0,0.0,0.0,0.0,0.0,0.0,0.0,0.0,0.0,0.0,0.0,0.0,0.0,0.3477653631284916,0.3477653631284916,0.3477653631284916,0.3477653631284916
14,0.0,0.0,0.0,0.0,0.0,0.0,0.0,0.0,0.08163265306122448,0.08163265306122448,0.08163265306122448,0.08163265306122448,0.007142857142857143,0.007142857142857143,0.007142857142857143,0.007142857142857143,0.0,0.0,0.0,0.0,0.0,0.0,0.0,0.0,0.0,0.0,0.0,0.0,0.0,0.0,0.0,0.0,0.3477653631284916,0.3477653631284916,0.3477653631284916,0.3477653631284916
15,0.0,0.0,0.0,0.0,0.0,0.0,0.0,0.0,0.08163265306122448,0.08163265306122448,0.08163265306122448,0.08163265306122448,0.007142857142857143,0.007142857142857143,0.007142857142857143,0.007142857142857143,0.0,0.0,0.0,0.0,0.0,0.0,0.0,0.0,0.0,0.0,0.0,0.0,0.0,0.0,0.0,0.0,0.3477653631284916,0.3477653631284916,0.3477653631284916,0.3477653631284916
16,0.0,0.0,0.0,0.0,0.0,0.0,0.0,0.0,0.08163265306122448,0.08163265306122448,0.08163265306122448,0.08163265306122448,0.007142857142857143,0.007142857142857143,0.007142857142857143,0.007142857142857143,0.0,0.0,0.0,0.0,0.0,0.0,0.0,0.0,0.0,0.0,0.0,0.0,0.0,0.0,0.0,0.0,0.3477653631284916,0.3477653631284916,0.3477653631284916,0.3477653631284916
17,0.0,0.0,0.0,0.0,0.0,0.0,0.0,0.0,0.08163265306122448,0.08163265306122448,0.08163265306122448,0.08163265306122448,0.007142857142857143,0.007142857142857143,0.007142857142857143,0.007142857142857143,0.0,0.0,0.0,0.0,0.0,0.0,0.0,0.0,0.0,0.0,0.0,0.0,0.0,0.0,0.0,0.0,0.3477653631284916,0.3477653631284916,0.3477653631284916,0.3477653631284916
18,0.0,0.0,0.0,0.0,0.0,0.0,0.0,0.0,0.08163265306122448,0.08163265306122448,0.08163265306122448,0.08163265306122448,0.007142857142857143,0.007142857142857143,0.007142857142857143,0.007142857142857143,0.0,0.0,0.0,0.0,0.0,0.0,0.0,0.0,0.0,0.0,0.0,0.0,0.0,0.0,0.0,0.0,0.3477653631284916,0.3477653631284916,0.3477653631284916,0.3477653631284916
19,0.0,0.0,0.0,0.0,0.0,0.0,0.0,0.0,0.08163265306122448,0.08163265306122448,0.08163265306122448,0.08163265306122448,0.007142857142857143,0.007142857142857143,0.007142857142857143,0.007142857142857143,0.0,0.0,0.0,0.0,0.0,0.0,0.0,0.0,0.0,0.0,0.0,0.0,0.0,0.0,0.0,0.0,0.3477653631284916,0.3477653631284916,0.3477653631284916,0.3477653631284916
20,0.0,0.0,0.0,0.0,0.0,0.0,0.0,0.0,0.08163265306122448,0.08163265306122448,0.08163265306122448,0.08163265306122448,0.007142857142857143,0.007142857142857143,0.007142857142857143,0.007142857142857143,0.0,0.0,0.0,0.0,0.0,0.0,0.0,0.0,0.0,0.0,0.0,0.0,0.0,0.0,0.0,0.0,0.3477653631284916,0.3477653631284916,0.3477653631284916,0.3477653631284916
21,0.0,0.0,0.0,0.0,0.0,0.0,0.0,0.0,0.08163265306122448,0.08163265306122448,0.08163265306122448,0.08163265306122448,0.007142857142857143,0.007142857142857143,0.007142857142857143,0.007142857142857143,0.0,0.0,0.0,0.0,0.0,0.0,0.0,0.0,0.0,0.0,0.0,0.0,0.0,0.0,0.0,0.0,0.3477653631284916,0.3477653631284916,0.3477653631284916,0.3477653631284916
22,0.0,0.0,0.0,0.0,0.0,0.0,0.0,0.0,0.08163265306122448,0.08163265306122448,0.08163265306122448,0.08163265306122448,0.007142857142857143,0.007142857142857143,0.007142857142857143,0.007142857142857143,0.0,0.0,0.0,0.0,0.0,0.0,0.0,0.0,0.0,0.0,0.0,0.0,0.0,0.0,0.0,0.0,0.3477653631284916,0.3477653631284916,0.3477653631284916,0.3477653631284916
23,0.0,0.0,0.0,0.0,0.0,0.0,0.0,0.0,0.08163265306122448,0.08163265306122448,0.08163265306122448,0.08163265306122448,0.007142857142857143,0.007142857142857143,0.007142857142857143,0.007142857142857143,0.0,0.0,0.0,0.0,0.0,0.0,0.0,0.0,0.0,0.0,0.0,0.0,0.0,0.0,0.0,0.0,0.3477653631284916,0.3477653631284916,0.3477653631284916,0.3477653631284916
24,0.0,0.0,0.0,0.0,0.0,0.0,0.0,0.0,0.08163265306122448,0.08163265306122448,0.08163265306122448,0.08163265306122448,0.007142857142857143,0.007142857142857143,0.007142857142857143,0.007142857142857143,0.0,0.0,0.0,0.0,0.0,0.0,0.0,0.0,0.0,0.0,0.0,0.0,0.0,0.0,0.0,0.0,0.3477653631284916,0.3477653631284916,0.3477653631284916,0.3477653631284916
25,0.0,0.0,0.0,0.0,0.0,0.0,0.0,0.0,0.08163265306122448,0.08163265306122448,0.08163265306122448,0.08163265306122448,0.007142857142857143,0.007142857142857143,0.007142857142857143,0.007142857142857143,0.0,0.0,0.0,0.0,0.0,0.0,0.0,0.0,0.0,0.0,0.0,0.0,0.0,0.0,0.0,0.0,0.3477653631284916,0.3477653631284916,0.3477653631284916,0.3477653631284916
26,0.0,0.0,0.0,0.0,0.0,0.0,0.0,0.0,0.08163265306122448,0.08163265306122448,0.08163265306122448,0.08163265306122448,0.007142857142857143,0.007142857142857143,0.007142857142857143,0.007142857142857143,0.0,0.0,0.0,0.0,0.0,0.0,0.0,0.0,0.0,0.0,0.0,0.0,0.0,0.0,0.0,0.0,0.3477653631284916,0.3477653631284916,0.3477653631284916,0.3477653631284916
27,0.0,0.0,0.0,0.0,0.0,0.0,0.0,0.0,0.08163265306122448,0.08163265306122448,0.08163265306122448,0.08163265306122448,0.007142857142857143,0.007142857142857143,0.007142857142857143,0.007142857142857143,0.0,0.0,0.0,0.0,0.0,0.0,0.0,0.0,0.0,0.0,0.0,0.0,0.0,0.0,0.0,0.0,0.3477653631284916,0.3477653631284916,0.3477653631284916,0.3477653631284916
28,0.0,0.0,0.0,0.0,0.0,0.0,0.0,0.0,0.08163265306122448,0.08163265306122448,0.08163265306122448,0.08163265306122448,0.007142857142857143,0.007142857142857143,0.007142857142857143,0.007142857142857143,0.0,0.0,0.0,0.0,0.0,0.0,0.0,0.0,0.0,0.0,0.0,0.0,0.0,0.0,0.0,0.0,0.3477653631284916,0.3477653631284916,0.3477653631284916,0.3477653631284916
29,0.0,0.0,0.0,0.0,0.0,0.0,0.0,0.0,0.08163265306122448,0.08163265306122448,0.08163265306122448,0.08163265306122448,0.007142857142857143,0.007142857142857143,0.007142857142857143,0.007142857142857143,0.0,0.0,0.0,0.0,0.0,0.0,0.0,0.0,0.0,0.0,0.0,0.0,0.0,0.0,0.0,0.0,0.3477653631284916,0.3477653631284916,0.3477653631284916,0.3477653631284916
30,0.0,0.0,0.0,0.0,0.0,0.0,0.0,0.0,0.08163265306122448,0.08163265306122448,0.08163265306122448,0.08163265306122448,0.007142857142857143,0.007142857142857143,0.007142857142857143,0.007142857142857143,0.0,0.0,0.0,0.0,0.0,0.0,0.0,0.0,0.0,0.0,0.0,0.0,0.0,0.0,0.0,0.0,0.3477653631284916,0.3477653631284916,0.3477653631284916,0.3477653631284916
31,0.0,0.0,0.0,0.0,0.0,0.0,0.0,0.0,0.08163265306122448,0.08163265306122448,0.08163265306122448,0.08163265306122448,0.007142857142857143,0.007142857142857143,0.007142857142857143,0.007142857142857143,0.0,0.0,0.0,0.0,0.0,0.0,0.0,0.0,0.0,0.0,0.0,0.0,0.0,0.0,0.0,0.0,0.3477653631284916,0.3477653631284916,0.3477653631284916,0.3477653631284916
32,0.0,0.0,0.0,0.0,0.0,0.0,0.0,0.0,0.08163265306122448,0.08163265306122448,0.08163265306122448,0.08163265306122448,0.007142857142857143,0.007142857142857143,0.007142857142857143,0.007142857142857143,0.0,0.0,0.0,0.0,0.0,0.0,0.0,0.0,0.0,0.0,0.0,0.0,0.0,0.0,0.0,0.0,0.3477653631284916,0.3477653631284916,0.3477653631284916,0.3477653631284916
33,0.0,0.0,0.0,0.0,0.0,0.0,0.0,0.0,0.08163265306122448,0.08163265306122448,0.08163265306122448,0.08163265306122448,0.007142857142857143,0.007142857142857143,0.007142857142857143,0.007142857142857143,0.0,0.0,0.0,0.0,0.0,0.0,0.0,0.0,0.0,0.0,0.0,0.0,0.0,0.0,0.0,0.0,0.3477653631284916,0.3477653631284916,0.3477653631284916,0.3477653631284916
34,0.0,0.0,0.0,0.0,0.0,0.0,0.0,0.0,0.08163265306122448,0.08163265306122448,0.08163265306122448,0.08163265306122448,0.007142857142857143,0.007142857142857143,0.007142857142857143,0.007142857142857143,0.0,0.0,0.0,0.0,0.0,0.0,0.0,0.0,0.0,0.0,0.0,0.0,0.0,0.0,0.0,0.0,0.3477653631284916,0.3477653631284916,0.3477653631284916,0.3477653631284916
35,0.0,0.0,0.0,0.0,0.0,0.0,0.0,0.0,0.08163265306122448,0.08163265306122448,0.08163265306122448,0.08163265306122448,0.007142857142857143,0.007142857142857143,0.007142857142857143,0.007142857142857143,0.0,0.0,0.0,0.0,0.0,0.0,0.0,0.0,0.0,0.0,0.0,0.0,0.0,0.0,0.0,0.0,0.3477653631284916,0.3477653631284916,0.3477653631284916,0.3477653631284916
36,0.0,0.0,0.0,0.0,0.0,0.0,0.0,0.0,0.08163265306122448,0.08163265306122448,0.08163265306122448,0.08163265306122448,0.007142857142857143,0.007142857142857143,0.007142857142857143,0.007142857142857143,0.0,0.0,0.0,0.0,0.0,0.0,0.0,0.0,0.0,0.0,0.0,0.0,0.0,0.0,0.0,0.0,0.3477653631284916,0.3477653631284916,0.3477653631284916,0.3477653631284916
37,0.0,0.0,0.0,0.0,0.0,0.0,0.0,0.0,0.08163265306122448,0.08163265306122448,0.08163265306122448,0.08163265306122448,0.007142857142857143,0.007142857142857143,0.007142857142857143,0.007142857142857143,0.0,0.0,0.0,0.0,0.0,0.0,0.0,0.0,0.0,0.0,0.0,0.0,0.0,0.0,0.0,0.0,0.3477653631284916,0.3477653631284916,0.3477653631284916,0.3477653631284916
38,0.0,0.0,0.0,0.0,0.0,0.0,0.0,0.0,0.08163265306122448,0.08163265306122448,0.08163265306122448,0.08163265306122448,0.007142857142857143,0.007142857142857143,0.007142857142857143,0.007142857142857143,0.0,0.0,0.0,0.0,0.0,0.0,0.0,0.0,0.0,0.0,0.0,0.0,0.0,0.0,0.0,0.0,0.3477653631284916,0.3477653631284916,0.3477653631284916,0.3477653631284916
39,0.0,0.0,0.0,0.0,0.0,0.0,0.0,0.0,0.08163265306122448,0.08163265306122448,0.08163265306122448,0.08163265306122448,0.007142857142857143,0.007142857142857143,0.007142857142857143,0.007142857142857143,0.0,0.0,0.0,0.0,0.0,0.0,0.0,0.0,0.0,0.0,0.0,0.0,0.0,0.0,0.0,0.0,0.3477653631284916,0.3477653631284916,0.3477653631284916,0.3477653631284916
40,0.0,0.0,0.0,0.0,0.0,0.0,0.0,0.0,0.08163265306122448,0.08163265306122448,0.08163265306122448,0.08163265306122448,0.007142857142857143,0.007142857142857143,0.007142857142857143,0.007142857142857143,0.0,0.0,0.0,0.0,0.0,0.0,0.0,0.0,0.0,0.0,0.0,0.0,0.0,0.0,0.0,0.0,0.3477653631284916,0.3477653631284916,0.3477653631284916,0.3477653631284916
41,0.0,0.0,0.0,0.0,0.0,0.0,0.0,0.0,0.08163265306122448,0.08163265306122448,0.08163265306122448,0.08163265306122448,0.007142857142857143,0.007142857142857143,0.007142857142857143,0.007142857142857143,0.0,0.0,0.0,0.0,0.0,0.0,0.0,0.0,0.0,0.0,0.0,0.0,0.0,0.0,0.0,0.0,0.3477653631284916,0.3477653631284916,0.3477653631284916,0.3477653631284916
42,0.0,0.0,0.0,0.0,0.0,0.0,0.0,0.0,0.08163265306122448,0.08163265306122448,0.08163265306122448,0.08163265306122448,0.007142857142857143,0.007142857142857143,0.007142857142857143,0.007142857142857143,0.0,0.0,0.0,0.0,0.0,0.0,0.0,0.0,0.0,0.0,0.0,0.0,0.0,0.0,0.0,0.0,0.3477653631284916,0.3477653631284916,0.3477653631284916,0.3477653631284916
43,0.0,0.0,0.0,0.0,0.0,0.0,0.0,0.0,0.08163265306122448,0.08163265306122448,0.08163265306122448,0.08163265306122448,0.007142857142857143,0.007142857142857143,0.007142857142857143,0.007142857142857143,0.0,0.0,0.0,0.0,0.0,0.0,0.0,0.0,0.0,0.0,0.0,0.0,0.0,0.0,0.0,0.0,0.3477653631284916,0.3477653631284916,0.3477653631284916,0.3477653631284916
44,0.0,0.0,0.0,0.0,0.0,0.0,0.0,0.0,0.08163265306122448,0.08163265306122448,0.08163265306122448,0.08163265306122448,0.007142857142857143,0.007142857142857143,0.007142857142857143,0.007142857142857143,0.0,0.0,0.0,0.0,0.0,0.0,0.0,0.0,0.0,0.0,0.0,0.0,0.0,0.0,0.0,0.0,0.3477653631284916,0.3477653631284916,0.3477653631284916,0.3477653631284916
45,0.0,0.0,0.0,0.0,0.0,0.0,0.0,0.0,0.08163265306122448,0.08163265306122448,0.08163265306122448,0.08163265306122448,0.007142857142857143,0.007142857142857143,0.007142857142857143,0.007142857142857143,0.0,0.0,0.0,0.0,0.0,0.0,0.0,0.0,0.0,0.0,0.0,0.0,0.0,0.0,0.0,0.0,0.3477653631284916,0.3477653631284916,0.3477653631284916,0.3477653631284916
46,0.0,0.0,0.0,0.0,0.0,0.0,0.0,0.0,0.08163265306122448,0.08163265306122448,0.08163265306122448,0.08163265306122448,0.007142857142857143,0.007142857142857143,0.007142857142857143,0.007142857142857143,0.0,0.0,0.0,0.0,0.0,0.0,0.0,0.0,0.0,0.0,0.0,0.0,0.0,0.0,0.0,0.0,0.3477653631284916,0.3477653631284916,0.3477653631284916,0.3477653631284916
47,0.0,0.0,0.0,0.0,0.0,0.0,0.0,0.0,0.08163265306122448,0.08163265306122448,0.08163265306122448,0.08163265306122448,0.007142857142857143,0.007142857142857143,0.007142857142857143,0.007142857142857143,0.0,0.0,0.0,0.0,0.0,0.0,0.0,0.0,0.0,0.0,0.0,0.0,0.0,0.0,0.0,0.0,0.3477653631284916,0.3477653631284916,0.3477653631284916,0.3477653631284916
48,0.0,0.0,0.0,0.0,0.0,0.0,0.0,0.0,0.08163265306122448,0.08163265306122448,0.08163265306122448,0.08163265306122448,0.007142857142857143,0.007142857142857143,0.007142857142857143,0.007142857142857143,0.0,0.0,0.0,0.0,0.0,0.0,0.0,0.0,0.0,0.0,0.0,0.0,0.0,0.0,0.0,0.0,0.3477653631284916,0.3477653631284916,0.3477653631284916,0.3477653631284916
49,0.0,0.0,0.0,0.0,0.0,0.0,0.0,0.0,0.08163265306122448,0.08163265306122448,0.08163265306122448,0.08163265306122448,0.007142857142857143,0.007142857142857143,0.007142857142857143,0.007142857142857143,0.0,0.0,0.0,0.0,0.0,0.0,0.0,0.0,0.0,0.0,0.0,0.0,0.0,0.0,0.0,0.0,0.3477653631284916,0.3477653631284916,0.3477653631284916,0.3477653631284916
50,0.0,0.0,0.0,0.0,0.0,0.0,0.0,0.0,0.08163265306122448,0.08163265306122448,0.08163265306122448,0.08163265306122448,0.007142857142857143,0.007142857142857143,0.007142857142857143,0.007142857142857143,0.0,0.0,0.0,0.0,0.0,0.0,0.0,0.0,0.0,0.0,0.0,0.0,0.0,0.0,0.0,0.0,0.3477653631284916,0.3477653631284916,0.3477653631284916,0.3477653631284916
51,0.0,0.0,0.0,0.0,0.0,0.0,0.0,0.0,0.08163265306122448,0.08163265306122448,0.08163265306122448,0.08163265306122448,0.007142857142857143,0.007142857142857143,0.007142857142857143,0.007142857142857143,0.0,0.0,0.0,0.0,0.0,0.0,0.0,0.0,0.0,0.0,0.0,0.0,0.0,0.0,0.0,0.0,0.3477653631284916,0.3477653631284916,0.3477653631284916,0.3477653631284916
52,0.0,0.0,0.0,0.0,0.0,0.0,0.0,0.0,0.08163265306122448,0.08163265306122448,0.08163265306122448,0.08163265306122448,0.007142857142857143,0.007142857142857143,0.007142857142857143,0.007142857142857143,0.0,0.0,0.0,0.0,0.0,0.0,0.0,0.0,0.0,0.0,0.0,0.0,0.0,0.0,0.0,0.0,0.3477653631284916,0.3477653631284916,0.3477653631284916,0.3477653631284916
53,0.0,0.0,0.0,0.0,0.0,0.0,0.0,0.0,0.08163265306122448,0.08163265306122448,0.08163265306122448,0.08163265306122448,0.007142857142857143,0.007142857142857143,0.007142857142857143,0.007142857142857143,0.0,0.0,0.0,0.0,0.0,0.0,0.0,0.0,0.0,0.0,0.0,0.0,0.0,0.0,0.0,0.0,0.3477653631284916,0.3477653631284916,0.3477653631284916,0.3477653631284916
54,0.0,0.0,0.0,0.0,0.0,0.0,0.0,0.0,0.08163265306122448,0.08163265306122448,0.08163265306122448,0.08163265306122448,0.007142857142857143,0.007142857142857143,0.007142857142857143,0.007142857142857143,0.0,0.0,0.0,0.0,0.0,0.0,0.0,0.0,0.0,0.0,0.0,0.0,0.0,0.0,0.0,0.0,0.3477653631284916,0.3477653631284916,0.3477653631284916,0.3477653631284916
55,0.0,0.0,0.0,0.0,0.0,0.0,0.0,0.0,0.08163265306122448,0.08163265306122448,0.08163265306122448,0.08163265306122448,0.007142857142857143,0.007142857142857143,0.007142857142857143,0.007142857142857143,0.0,0.0,0.0,0.0,0.0,0.0,0.0,0.0,0.0,0.0,0.0,0.0,0.0,0.0,0.0,0.0,0.3477653631284916,0.3477653631284916,0.3477653631284916,0.3477653631284916
56,0.0,0.0,0.0,0.0,0.0,0.0,0.0,0.0,0.08163265306122448,0.08163265306122448,0.08163265306122448,0.08163265306122448,0.007142857142857143,0.007142857142857143,0.007142857142857143,0.007142857142857143,0.0,0.0,0.0,0.0,0.0,0.0,0.0,0.0,0.0,0.0,0.0,0.0,0.0,0.0,0.0,0.0,0.3477653631284916,0.3477653631284916,0.3477653631284916,0.3477653631284916
57,0.0,0.0,0.0,0.0,0.0,0.0,0.0,0.0,0.08163265306122448,0.08163265306122448,0.08163265306122448,0.08163265306122448,0.007142857142857143,0.007142857142857143,0.007142857142857143,0.007142857142857143,0.0,0.0,0.0,0.0,0.0,0.0,0.0,0.0,0.0,0.0,0.0,0.0,0.0,0.0,0.0,0.0,0.3477653631284916,0.3477653631284916,0.3477653631284916,0.3477653631284916
58,0.0,0.0,0.0,0.0,0.0,0.0,0.0,0.0,0.08163265306122448,0.08163265306122448,0.08163265306122448,0.08163265306122448,0.007142857142857143,0.007142857142857143,0.007142857142857143,0.007142857142857143,0.0,0.0,0.0,0.0,0.0,0.0,0.0,0.0,0.0,0.0,0.0,0.0,0.0,0.0,0.0,0.0,0.3477653631284916,0.3477653631284916,0.3477653631284916,0.3477653631284916
59,0.0,0.0,0.0,0.0,0.0,0.0,0.0,0.0,0.08163265306122448,0.08163265306122448,0.08163265306122448,0.08163265306122448,0.007142857142857143,0.007142857142857143,0.007142857142857143,0.007142857142857143,0.0,0.0,0.0,0.0,0.0,0.0,0.0,0.0,0.0,0.0,0.0,0.0,0.0,0.0,0.0,0.0,0.3477653631284916,0.3477653631284916,0.3477653631284916,0.3477653631284916
60,0.0,0.0,0.0,0.0,0.0,0.0,0.0,0.0,0.08163265306122448,0.08163265306122448,0.08163265306122448,0.08163265306122448,0.007142857142857143,0.007142857142857143,0.007142857142857143,0.007142857142857143,0.0,0.0,0.0,0.0,0.0,0.0,0.0,0.0,0.0,0.0,0.0,0.0,0.0,0.0,0.0,0.0,0.3477653631284916,0.3477653631284916,0.3477653631284916,0.3477653631284916
61,0.0,0.0,0.0,0.0,0.0,0.0,0.0,0.0,0.08163265306122448,0.08163265306122448,0.08163265306122448,0.08163265306122448,0.007142857142857143,0.007142857142857143,0.007142857142857143,0.007142857142857143,0.0,0.0,0.0,0.0,0.0,0.0,0.0,0.0,0.0,0.0,0.0,0.0,0.0,0.0,0.0,0.0,0.3477653631284916,0.3477653631284916,0.3477653631284916,0.3477653631284916
62,0.0,0.0,0.0,0.0,0.0,0.0,0.0,0.0,0.08163265306122448,0.08163265306122448,0.08163265306122448,0.08163265306122448,0.007142857142857143,0.007142857142857143,0.007142857142857143,0.007142857142857143,0.0,0.0,0.0,0.0,0.0,0.0,0.0,0.0,0.0,0.0,0.0,0.0,0.0,0.0,0.0,0.0,0.3477653631284916,0.3477653631284916,0.3477653631284916,0.3477653631284916
63,0.0,0.0,0.0,0.0,0.0,0.0,0.0,0.0,0.08163265306122448,0.08163265306122448,0.08163265306122448,0.08163265306122448,0.007142857142857143,0.007142857142857143,0.007142857142857143,0.007142857142857143,0.0,0.0,0.0,0.0,0.0,0.0,0.0,0.0,0.0,0.0,0.0,0.0,0.0,0.0,0.0,0.0,0.3477653631284916,0.3477653631284916,0.3477653631284916,0.3477653631284916
64,0.0,0.0,0.0,0.0,0.0,0.0,0.0,0.0,0.08163265306122448,0.08163265306122448,0.08163265306122448,0.08163265306122448,0.007142857142857143,0.007142857142857143,0.007142857142857143,0.007142857142857143,0.0,0.0,0.0,0.0,0.0,0.0,0.0,0.0,0.0,0.0,0.0,0.0,0.0,0.0,0.0,0.0,0.3477653631284916,0.3477653631284916,0.3477653631284916,0.3477653631284916
65,0.0,0.0,0.0,0.0,0.0,0.0,0.0,0.0,0.08163265306122448,0.08163265306122448,0.08163265306122448,0.08163265306122448,0.007142857142857143,0.007142857142857143,0.007142857142857143,0.007142857142857143,0.0,0.0,0.0,0.0,0.0,0.0,0.0,0.0,0.0,0.0,0.0,0.0,0.0,0.0,0.0,0.0,0.34916201117318435,0.34916201117318435,0.34916201117318435,0.34916201117318435
66,0.0,0.0,0.0,0.0,0.0,0.0,0.0,0.0,0.08163265306122448,0.08163265306122448,0.08163265306122448,0.08163265306122448,0.007142857142857143,0.007142857142857143,0.007142857142857143,0.007142857142857143,0.0,0.0,0.0,0.0,0.0,0.0,0.0,0.0,0.0,0.0,0.0,0.0,0.0,0.0,0.0,0.0,0.34916201117318435,0.34916201117318435,0.34916201117318435,0.34916201117318435
67,0.0,0.0,0.0,0.0,0.0,0.0,0.0,0.0,0.08163265306122448,0.08163265306122448,0.08163265306122448,0.08163265306122448,0.007142857142857143,0.007142857142857143,0.007142857142857143,0.007142857142857143,0.0,0.0,0.0,0.0,0.0,0.0,0.0,0.0,0.0,0.0,0.0,0.0,0.0,0.0,0.0,0.0,0.34916201117318435,0.34916201117318435,0.34916201117318435,0.34916201117318435
68,0.0,0.0,0.0,0.0,0.0,0.0,0.0,0.0,0.08163265306122448,0.08163265306122448,0.08163265306122448,0.08163265306122448,0.007142857142857143,0.007142857142857143,0.007142857142857143,0.007142857142857143,0.0,0.0,0.0,0.0,0.0,0.0,0.0,0.0,0.0,0.0,0.0,0.0,0.0,0.0,0.0,0.0,0.35195530726256985,0.35195530726256985,0.35195530726256985,0.35195530726256985
69,0.0,0.0,0.0,0.0,0.0,0.0,0.0,0.0,0.08163265306122448,0.08163265306122448,0.08163265306122448,0.08163265306122448,0.007142857142857143,0.007142857142857143,0.007142857142857143,0.007142857142857143,0.0,0.0,0.0,0.0,0.0,0.0,0.0,0.0,0.0,0.0,0.0,0.0,0.0,0.0,0.0,0.0,0.35195530726256985,0.35195530726256985,0.35195530726256985,0.35195530726256985
70,0.0,0.0,0.0,0.0,0.0,0.0,0.0,0.0,0.08163265306122448,0.08163265306122448,0.08163265306122448,0.08163265306122448,0.007142857142857143,0.007142857142857143,0.007142857142857143,0.007142857142857143,0.0,0.0,0.0,0.0,0.0,0.0,0.0,0.0,0.0,0.0,0.0,0.0,0.0,0.0,0.0,0.0,0.35195530726256985,0.35195530726256985,0.35195530726256985,0.35195530726256985
71,0.0,0.0,0.0,0.0,0.0,0.0,0.0,0.0,0.08163265306122448,0.08163265306122448,0.08163265306122448,0.08163265306122448,0.007142857142857143,0.007142857142857143,0.007142857142857143,0.007142857142857143,0.0,0.0,0.0,0.0,0.0,0.0,0.0,0.0,0.0,0.0,0.0,0.0,0.0,0.0,0.0,0.0,0.35195530726256985,0.35195530726256985,0.35195530726256985,0.35195530726256985
72,0.0,0.0,0.0,0.0,0.0,0.0,0.0,0.0,0.08163265306122448,0.08163265306122448,0.08163265306122448,0.08163265306122448,0.02142857142857143,0.02142857142857143,0.02142857142857143,0.02142857142857143,0.0,0.0,0.0,0.0,0.0,0.0,0.0,0.0,0.0,0.0,0.0,0.0,0.0,0.0,0.0,0.0,0.35614525139664804,0.35614525139664804,0.35614525139664804,0.35614525139664804
73,0.0,0.0,0.0,0.0,0.0,0.0,0.0,0.0,0.08163265306122448,0.08163265306122448,0.08163265306122448,0.08163265306122448,0.02142857142857143,0.02142857142857143,0.02142857142857143,0.02142857142857143,0.0,0.0,0.0,0.0,0.0,0.0,0.0,0.0,0.0,0.0,0.0,0.0,0.0,0.0,0.0,0.0,0.35614525139664804,0.35614525139664804,0.35614525139664804,0.35614525139664804
74,0.0,0.0,0.0,0.0,0.0,0.0,0.0,0.0,0.08163265306122448,0.08163265306122448,0.08163265306122448,0.08163265306122448,0.02142857142857143,0.02142857142857143,0.02142857142857143,0.02142857142857143,0.0,0.0,0.0,0.0,0.0,0.0,0.0,0.0,0.0,0.0,0.0,0.0,0.0,0.0,0.0,0.0,0.35614525139664804,0.35614525139664804,0.35614525139664804,0.35614525139664804
75,0.0,0.0,0.0,0.0,0.0,0.0,0.0,0.0,0.08163265306122448,0.08163265306122448,0.08163265306122448,0.08163265306122448,0.02142857142857143,0.02142857142857143,0.02142857142857143,0.02142857142857143,0.0,0.0,0.0,0.0,0.0,0.0,0.0,0.0,0.0,0.0,0.0,0.0,0.0,0.0,0.0,0.0,0.35614525139664804,0.35614525139664804,0.35614525139664804,0.35614525139664804
76,0.0,0.0,0.0,0.0,0.0,0.0,0.0,0.0,0.08163265306122448,0.08163265306122448,0.08163265306122448,0.08163265306122448,0.02142857142857143,0.02142857142857143,0.02142857142857143,0.02142857142857143,0.0,0.0,0.0,0.0,0.0,0.0,0.0,0.0,0.0,0.0,0.0,0.0,0.0,0.0,0.0,0.0,0.35614525139664804,0.35614525139664804,0.35614525139664804,0.35614525139664804
77,0.041666666666666664,0.041666666666666664,0.041666666666666664,0.041666666666666664,0.0,0.0,0.0,0.0,0.08163265306122448,0.08163265306122448,0.08163265306122448,0.08163265306122448,0.02142857142857143,0.02142857142857143,0.02142857142857143,0.02142857142857143,0.0,0.0,0.0,0.0,0.0,0.0,0.0,0.0,0.0,0.0,0.0,0.0,0.0,0.0,0.0,0.0,0.3575418994413408,0.3575418994413408,0.3575418994413408,0.3575418994413408
78,0.041666666666666664,0.041666666666666664,0.041666666666666664,0.041666666666666664,0.0,0.0,0.0,0.0,0.08163265306122448,0.08163265306122448,0.08163265306122448,0.08163265306122448,0.02142857142857143,0.02142857142857143,0.02142857142857143,0.02142857142857143,0.0,0.0,0.0,0.0,0.0,0.0,0.0,0.0,0.0,0.0,0.0,0.0,0.0,0.0,0.0,0.0,0.3575418994413408,0.3575418994413408,0.3575418994413408,0.3575418994413408
79,0.041666666666666664,0.041666666666666664,0.041666666666666664,0.041666666666666664,0.0,0.0,0.0,0.0,0.08163265306122448,0.08163265306122448,0.08163265306122448,0.08163265306122448,0.02142857142857143,0.02142857142857143,0.02142857142857143,0.02142857142857143,0.0,0.0,0.0,0.0,0.0,0.0,0.0,0.0,0.0,0.0,0.0,0.0,0.0,0.0,0.0,0.0,0.3575418994413408,0.3575418994413408,0.3575418994413408,0.3575418994413408
80,0.0,0.0,0.0,0.0,0.0,0.0,0.0,0.0,0.12244897959183673,0.12244897959183673,0.12244897959183673,0.12244897959183673,0.02142857142857143,0.02142857142857143,0.02142857142857143,0.02142857142857143,0.0,0.0,0.0,0.0,0.0,0.0,0.0,0.0,0.0,0.0,0.0,0.0,0.0,0.0,0.0,0.0,0.3784916201117318,0.3784916201117318,0.3784916201117318,0.3784916201117318
81,0.0,0.0,0.0,0.0,0.0,0.0,0.0,0.0,0.12244897959183673,0.12244897959183673,0.12244897959183673,0.12244897959183673,0.02142857142857143,0.02142857142857143,0.02142857142857143,0.02142857142857143,0.0,0.0,0.0,0.0,0.0,0.0,0.0,0.0,0.0,0.0,0.0,0.0,0.0,0.0,0.0,0.0,0.3784916201117318,0.3784916201117318,0.3784916201117318,0.3784916201117318
82,0.0,0.0,0.0,0.0,0.0,0.0,0.0,0.0,0.12244897959183673,0.12244897959183673,0.12244897959183673,0.12244897959183673,0.02142857142857143,0.02142857142857143,0.02142857142857143,0.02142857142857143,0.0,0.0,0.0,0.0,0.0,0.0,0.0,0.0,0.0,0.0,0.0,0.0,0.0,0.0,0.0,0.0,0.3784916201117318,0.3784916201117318,0.3784916201117318,0.3784916201117318
83,0.0,0.0,0.0,0.0,0.0,0.0,0.0,0.0,0.1326530612244898,0.1326530612244898,0.1326530612244898,0.1326530612244898,0.007142857142857143,0.007142857142857143,0.007142857142857143,0.007142857142857143,0.0,0.0,0.0,0.0,0.0,0.0,0.0,0.0,0.0,0.0,0.0,0.0,0.0,0.0,0.0,0.0,0.3756983240223464,0.3756983240223464,0.3756983240223464,0.3756983240223463
84,0.0,0.0,0.0,0.0,0.0,0.0,0.0,0.0,0.1326530612244898,0.1326530612244898,0.1326530612244898,0.1326530612244898,0.014285714285714285,0.014285714285714285,0.014285714285714285,0.014285714285714285,0.0,0.0,0.0,0.0,0.0,0.0,0.0,0.0,0.0,0.0,0.0,0.0,0.0,0.0,0.0,0.0,0.37988826815642457,0.37988826815642457,0.37988826815642457,0.37988826815642457
85,0.0,0.0,0.0,0.0,0.0,0.0,0.0,0.0,0.1326530612244898,0.1326530612244898,0.1326530612244898,0.1326530612244898,0.014285714285714285,0.014285714285714285,0.014285714285714285,0.014285714285714285,0.0,0.0,0.0,0.0,0.0,0.0,0.0,0.0,0.0,0.0,0.0,0.0,0.0,0.0,0.0,0.0,0.3784916201117318,0.3784916201117318,0.3784916201117318,0.3784916201117318
86,0.0,0.0,0.0,0.0,0.0,0.0,0.0,0.0,0.1326530612244898,0.1326530612244898,0.1326530612244898,0.1326530612244898,0.014285714285714285,0.014285714285714285,0.014285714285714285,0.014285714285714285,0.0,0.0,0.0,0.0,0.0,0.0,0.0,0.0,0.0,0.0,0.0,0.0,0.0,0.0,0.0,0.0,0.3784916201117318,0.3784916201117318,0.3784916201117318,0.3784916201117318
87,0.0,0.0,0.0,0.0,0.0,0.0,0.0,0.0,0.1326530612244898,0.1326530612244898,0.1326530612244898,0.1326530612244898,0.014285714285714285,0.014285714285714285,0.014285714285714285,0.014285714285714285,0.0,0.0,0.0,0.0,0.0,0.0,0.0,0.0,0.0,0.0,0.0,0.0,0.0,0.0,0.0,0.0,0.3784916201117318,0.3784916201117318,0.3784916201117318,0.3784916201117318
88,0.0,0.0,0.0,0.0,0.0,0.0,0.0,0.0,0.1326530612244898,0.1326530612244898,0.1326530612244898,0.1326530612244898,0.014285714285714285,0.014285714285714285,0.014285714285714285,0.014285714285714285,0.0,0.0,0.0,0.0,0.0,0.0,0.0,0.0,0.0,0.0,0.0,0.0,0.0,0.0,0.0,0.0,0.3784916201117318,0.3784916201117318,0.3784916201117318,0.3784916201117318
89,0.0,0.0,0.0,0.0,0.0,0.0,0.0,0.0,0.1326530612244898,0.1326530612244898,0.1326530612244898,0.1326530612244898,0.014285714285714285,0.014285714285714285,0.014285714285714285,0.014285714285714285,0.0,0.0,0.0,0.0,0.0,0.0,0.0,0.0,0.0,0.0,0.0,0.0,0.0,0.0,0.0,0.0,0.3784916201117318,0.3784916201117318,0.3784916201117318,0.3784916201117318
90,0.0,0.0,0.0,0.0,0.0,0.0,0.0,0.0,0.1326530612244898,0.1326530612244898,0.1326530612244898,0.1326530612244898,0.007142857142857143,0.007142857142857143,0.007142857142857143,0.007142857142857143,0.0,0.0,0.0,0.0,0.0,0.0,0.0,0.0,0.0,0.0,0.0,0.0,0.0,0.0,0.0,0.0,0.3784916201117318,0.3784916201117318,0.3784916201117318,0.3784916201117318
91,0.0,0.0,0.0,0.0,0.0,0.0,0.0,0.0,0.1326530612244898,0.1326530612244898,0.1326530612244898,0.1326530612244898,0.007142857142857143,0.007142857142857143,0.007142857142857143,0.007142857142857143,0.0,0.0,0.0,0.0,0.0,0.0,0.0,0.0,0.0,0.0,0.0,0.0,0.0,0.0,0.0,0.0,0.3784916201117318,0.3784916201117318,0.3784916201117318,0.3784916201117318
92,0.0,0.0,0.0,0.0,0.0,0.0,0.0,0.0,0.1326530612244898,0.1326530612244898,0.1326530612244898,0.1326530612244898,0.007142857142857143,0.007142857142857143,0.007142857142857143,0.007142857142857143,0.0,0.0,0.0,0.0,0.0,0.0,0.0,0.0,0.0,0.0,0.0,0.0,0.0,0.0,0.0,0.0,0.3784916201117318,0.3784916201117318,0.3784916201117318,0.3784916201117318
93,0.041666666666666664,0.041666666666666664,0.041666666666666664,0.041666666666666664,0.0,0.0,0.0,0.0,0.0,0.0,0.0,0.0,0.007142857142857143,0.007142857142857143,0.007142857142857143,0.007142857142857143,0.0,0.0,0.0,0.0,0.024691358024691357,0.024691358024691357,0.024691358024691357,0.024691358024691357,0.0,0.0,0.0,0.0,0.0,0.0,0.0,0.0,0.34916201117318435,0.34916201117318435,0.34916201117318435,0.34916201117318435
94,0.041666666666666664,0.041666666666666664,0.041666666666666664,0.041666666666666664,0.0,0.0,0.0,0.0,0.0,0.0,0.0,0.0,0.007142857142857143,0.007142857142857143,0.007142857142857143,0.007142857142857143,0.0,0.0,0.0,0.0,0.024691358024691357,0.024691358024691357,0.024691358024691357,0.024691358024691357,0.0,0.0,0.0,0.0,0.0,0.0,0.0,0.0,0.3505586592178771,0.3505586592178771,0.3505586592178771,0.3505586592178771
95,0.041666666666666664,0.041666666666666664,0.041666666666666664,0.041666666666666664,0.0,0.0,0.0,0.0,0.0,0.0,0.0,0.0,0.007142857142857143,0.007142857142857143,0.007142857142857143,0.007142857142857143,0.09090909090909091,0.09090909090909091,0.09090909090909091,0.09090909090909091,0.024691358024691357,0.024691358024691357,0.024691358024691357,0.024691358024691357,0.0,0.0,0.0,0.0,0.0,0.0,0.0,0.0,0.35335195530726254,0.35335195530726254,0.35335195530726254,0.35335195530726254
96,0.041666666666666664,0.041666666666666664,0.041666666666666664,0.041666666666666664,0.0,0.0,0.0,0.0,0.0,0.0,0.0,0.0,0.007142857142857143,0.007142857142857143,0.007142857142857143,0.007142857142857143,0.09090909090909091,0.09090909090909091,0.09090909090909091,0.09090909090909091,0.024691358024691357,0.024691358024691357,0.024691358024691357,0.024691358024691357,0.0,0.0,0.0,0.0,0.0,0.0,0.0,0.0,0.3547486033519553,0.3547486033519553,0.3547486033519553,0.3547486033519553
97,0.041666666666666664,0.041666666666666664,0.041666666666666664,0.041666666666666664,0.0,0.0,0.0,0.0,0.0,0.0,0.0,0.0,0.014285714285714285,0.014285714285714285,0.014285714285714285,0.014285714285714285,0.09090909090909091,0.09090909090909091,0.09090909090909091,0.09090909090909091,0.024691358024691357,0.024691358024691357,0.024691358024691357,0.024691358024691357,0.0,0.0,0.0,0.0,0.0,0.0,0.0,0.0,0.3575418994413408,0.3575418994413408,0.3575418994413408,0.3575418994413408
98,0.041666666666666664,0.041666666666666664,0.041666666666666664,0.041666666666666664,0.0,0.0,0.0,0.0,0.0,0.0,0.0,0.0,0.014285714285714285,0.014285714285714285,0.014285714285714285,0.014285714285714285,0.09090909090909091,0.09090909090909091,0.09090909090909091,0.09090909090909091,0.024691358024691357,0.024691358024691357,0.024691358024691357,0.024691358024691357,0.0,0.0,0.0,0.0,0.0,0.0,0.0,0.0,0.3575418994413408,0.3575418994413408,0.3575418994413408,0.3575418994413408
